source,translation,context
# Scrap Metal Suite - Custom Thai Translations
# This file overrides default ERPNext Thai translations

# Common Terms
"Supplier","ผู้ขาย",""
"Customer","ลูกค้า",""
"Item","สินค้า",""
"Price","ราคา",""
"Quantity","จำนวน",""
"Weight","น้ำหนัก",""
"Total","รวม",""
"Submit","ส่ง",""
"Save","บันทึก",""
"Cancel","ยกเลิก",""
"Delete","ลบ",""
"Edit","แก้ไข",""
"New","สร้างใหม่",""
"Dashboard","แดชบอร์ด",""
"Settings","ตั้งค่า",""
"Logout","ออกจากระบบ",""

# Scrap Metal Specific
"Scrap Metal","เศษโลหะ",""
"Scrap Purchase","รับซื้อเศษโลหะ",""
"POS Session","เซสชั่นขาย",""
"Weight Receipt","ใบชั่งน้ำหนัก",""
"Scale","เครื่องชั่ง",""

# Portal Terms
"View Prices","ดูราคา",""
"Sell Scrap","ขายเศษโลหะ",""
"My Invoices","ใบแจ้งหนี้ของฉัน",""
"Schedule Dropoff","นัดหมายส่งของ",""
"Recent Purchases","การซื้อล่าสุด",""

# Status
"Pending","รอดำเนินการ",""
"Approved","อนุมัติแล้ว",""
"Rejected","ปฏิเสธ",""
"Open","เปิด",""
"Closed","ปิด",""
"Draft","ร่าง",""
"Submitted","ส่งแล้ว",""
"Cancelled","ยกเลิกแล้ว",""

# Container Redesign - Controller validations (scrap_weight_container.py)
"Net weight must be greater than 0","น้ำหนักสุทธิต้องมากกว่า 0",""
"Reweigh reason is required","ต้องระบุเหตุผลในการชั่งใหม่",""
"Void reason is required","ต้องระบุเหตุผลในการยกเลิก",""
"Reason required for grade deviation","ต้องระบุเหตุผลเมื่อเกรดต่างจากที่คาด",""
"Weight {0} exceeds scale capacity {1}","น้ำหนัก {0} เกินความสามารถของตราชั่ง {1}",""

# Container Redesign - Dropoff controller messages (dropoff.py)
"Dropoff {0} is locked to session {1}. Pause and resume to switch.","ใบส่งมอบ {0} ถูกล็อกกับเซสชัน {1} ให้หยุดชั่วคราวและทำงานต่อเพื่อเปลี่ยน",""
"Dropoff {0} requires scale {1}; current session uses {2}.","ใบส่งมอบ {0} ต้องใช้ตราชั่ง {1} แต่เซสชันปัจจุบันใช้ {2}",""
"Cannot pause: status is {0}","ไม่สามารถหยุดชั่วคราว: สถานะคือ {0}",""
"Cannot resume: status is {0}","ไม่สามารถทำงานต่อ: สถานะคือ {0}",""
"Cannot resume: this dropoff is bound to scale {0}; current session uses {1}. Run Switch Scale first.","ไม่สามารถทำงานต่อ: ใบส่งมอบนี้ผูกกับตราชั่ง {0} แต่เซสชันปัจจุบันใช้ {1} กรุณาเปลี่ยนตราชั่งก่อน",""
"Cannot reassign: dropoff is bound to scale {0}; session {1} uses scale {2}. Run Switch Scale first.","ไม่สามารถเปลี่ยนเซสชัน: ใบส่งมอบผูกกับตราชั่ง {0} แต่เซสชัน {1} ใช้ตราชั่ง {2} กรุณาเปลี่ยนตราชั่งก่อน",""
"Session reassigned to {0}: {1}","เปลี่ยนเซสชันเป็น {0}: {1}",""
"Scale switched to {0}: {1}","เปลี่ยนตราชั่งเป็น {0}: {1}",""
"Weighing voided ({0} container(s)): {1}","ยกเลิกการชั่ง ({0} ภาชนะ): {1}",""
"Override reason required to verify a Needs-Review dropoff","ต้องระบุเหตุผลในการข้ามการตรวจสอบ",""
"Verification override applied: {0}","ข้ามการตรวจสอบ: {0}",""

# Container Redesign - API endpoint messages (api/v1/dropoff.py)
"Session {0} is not open","เซสชัน {0} ไม่ได้เปิดอยู่",""
"This session does not belong to the current user","เซสชันนี้ไม่ใช่ของผู้ใช้ปัจจุบัน",""
"Session {0} has no scale assigned","เซสชัน {0} ไม่มีตราชั่งที่กำหนด",""
"Invalid net weight","น้ำหนักสุทธิไม่ถูกต้อง",""
"Cannot complete: dropoff is paused","ไม่สามารถเสร็จสิ้น: ใบส่งมอบถูกหยุดชั่วคราว",""
"Cannot complete: status is {0}","ไม่สามารถเสร็จสิ้น: สถานะคือ {0}",""
"Cannot complete: there are unapproved deviations","ไม่สามารถเสร็จสิ้น: มีความเบี่ยงเบนที่ยังไม่ได้อนุมัติ",""
"Cannot complete: truck weights (gross, tare, net) are required","ไม่สามารถเสร็จสิ้น: ต้องมีน้ำหนักรถ (รวม, ภาชนะ, สุทธิ)",""

# Container Redesign - Print format labels (Wave 4)
"Deviation","ความเบี่ยงเบน",""
"Reweighed","ชั่งใหม่แล้ว",""
"deviation(s)","ความเบี่ยงเบน",""
"Unplanned","นอกแผน",""
"Unapproved deviations present","มีความเบี่ยงเบนที่ยังไม่ได้อนุมัติ",""
"Review before completing","ตรวจสอบก่อนเสร็จสิ้น",""
"Verification overridden","ยืนยันโดยข้ามการตรวจสอบ",""
"by","โดย",""
"at","เวลา",""

# Container Redesign - Deviation type select-options
"Downgrade","ลดเกรด",""
"Upgrade","เพิ่มเกรด",""
"Substitution","ทดแทน",""
"Unplanned-Add","เพิ่มนอกแผน",""

# Container Redesign - Desk form button labels (Wave 5)
"Reweigh","ชั่งใหม่",""
"Void","ยกเลิก",""
"Print Thermal","พิมพ์ใบรับ",""
"Print Sticker","พิมพ์สติ๊กเกอร์",""
"Print","พิมพ์",""
"Approve Deviation","อนุมัติความเบี่ยงเบน",""
"Approve","อนุมัติ",""
"Reason","เหตุผล",""
"Reason (optional)","เหตุผล (ไม่บังคับ)",""
"New Net Weight (kg)","น้ำหนักสุทธิใหม่ (กก.)",""
"Reweigh Container","ชั่งภาชนะใหม่",""
"Save","บันทึก",""
"Void Container","ยกเลิกภาชนะ",""
"Confirm","ยืนยัน",""
"Container Actions","การดำเนินการภาชนะ",""
"Pause Weighing","หยุดการชั่งชั่วคราว",""
"Pause","หยุดชั่วคราว",""
"Resume Weighing","ทำงานต่อ",""
"Resume","ทำงานต่อ",""
"POS Session","เซสชัน POS",""
"New POS Session","เซสชัน POS ใหม่",""
"Switch Scale","เปลี่ยนตราชั่ง",""
"New Scale","ตราชั่งใหม่",""
"Reassign Session","เปลี่ยนเซสชัน",""
"Mark Verified (Override)","ยืนยันการตรวจสอบ (ข้าม)",""
"Mark Verified","ยืนยันการตรวจสอบ",""
"Override Reason","เหตุผลในการข้าม",""
"Print all (thermal)","พิมพ์ใบรับทั้งหมด",""
"Print all (stickers)","พิมพ์สติ๊กเกอร์ทั้งหมด",""
